key,passportNumber,fullName,email,dateOfBirth,specialNeeds,draftMode,key:customer
passenger-01,ABC123,Nombredeejemplo,emaildeejemplo@gmail.com,2003/01/07 00:00,null,false,customer-01
passenger-02,ABC123,a,emaildeejemplo@gmail.com,2003/01/07 00:00,null,false,customer-01
passenger-03,ABC123,aa,emaildeejemplo@gmail.com,2003/01/07 00:00,null,false,customer-01
passenger-04,ABC123,NLorem ipsum dolor sit amets consectetur adipiscing elit. Sed do: eiusmod tempor incididunt ut labore et dolore magna aliqua! Ut enim ad minim veniam? Quis nostrud exercitation ullamco laboris nisi ut aliquip ex ea commodo consequat. Duis aute irure dolo,emaildeejemplo@gmail.com,2003/01/07 00:00,null,false,customer-01
passenger-05,ABC123,Lorem ipsum dolor sit amets consectetur adipiscing elit. Sed do: eiusmod tempor incididunt ut labore et dolore magna aliqua! Ut enim ad minim veniam? Quis nostrud exercitation ullamco laboris nisi ut aliquip ex ea commodo consequat. Duis aute irure dolor,emaildeejemplo@gmail.com,2003/01/07 00:00,null,false,customer-01
passenger-06,ABC123,โลเร็ม อิปซัม,emaildeejemplo@gmail.com,2003/01/07 00:00,null,false,customer-01
passenger-07,ABC123,لوريم إيبسوم,emaildeejemplo@gmail.com,2003/01/07 00:00,null,false,customer-01
passenger-08,ABC123,洛伦·伊普森,emaildeejemplo@gmail.com,2003/01/07 00:00,null,false,customer-02
passenger-09,ABC123,<marquee>Hacked</marquee>,emaildeejemplo@gmail.com,2003/01/07 00:00,null,false,customer-02
passenger-10,ABC123,<script>alert(‘Hacked!’);</script>,emaildeejemplo@gmail.com,2003/01/07 00:00,null,false,customer-02
passenger-11,ABC123,' or 'A' = 'A ,emaildeejemplo@gmail.com,2003/01/07 00:00,null,false,customer-02
passenger-12,ABC123,Nombredeejemplo,a@b.e,2003/01/07 00:00,null,false,customer-02
passenger-13,ABC123,Nombredeejemplo,a@b.es,2003/01/07 00:00,null,false,customer-02
passenger-14,ABC123,Nombredeejemplo,a@b.esx,2003/01/07 00:00,null,false,customer-02
passenger-15,ABC123,Nombredeejemplo,lorem-ipsum@dolor.sit.amet.consectetur.adipiscing.elit.sed.do.eiusmod.tempor.incididunt.ut.labore.et.dolore.magna.aliqua.Ut.enim.ad.minim.veniam.quis.nostrud.exercitation.ullamco.laboris.nisi.ut.aliquip.ex.ea.commodo.consequat.duis.aute.irure.doloris.edu,2003/01/07 00:00,null,false,customer-03
passenger-16,ABC123,Nombredeejemplo,lorem-ipsum@dolor.sit.amet.consectetur.adipiscing.elit.sed.do.eiusmod.tempor.incididunt.ut.labore.et.dolore.magna.aliqua.Ut.enim.ad.minim.veniam.quis.nostrud.exercitation.ullamco.laboris.nisi.ut.aliquip.ex.ea.commodo.consequat.duis.aute.irure.dolor.es.org,2003/01/07 00:00,null,false,customer-03
passenger-17,ABCDEFGHI,Nombredeejemplo,emaildeejemplo@gmail.com,2003/01/07 00:00,null,false,customer-02
passenger-18,999999,Nombredeejemplo,emaildeejemplo@gmail.com,2003/01/07 00:00,null,false,customer-02
passenger-19,ZZZZZZZZZ,Nombredeejemplo,emaildeejemplo@gmail.com,2003/01/07 00:00,null,false,customer-02
passenger-20,1A2B3C4D5,Nombredeejemplo,emaildeejemplo@gmail.com,2003/01/07 00:00,null,false,customer-02
passenger-21,Z2X3C4V5B,Nombredeejemplo,emaildeejemplo@gmail.com,2003/01/07 00:00,null,false,customer-02
passenger-22,ABC123,Nombredeejemplo,emaildeejemplo@gmail.com,2000/01/01 00:00,null,false,customer-02
passenger-23,ABC123,Nombredeejemplo,emaildeejemplo@gmail.com,2000/01/01 00:01,null,false,customer-02
passenger-24,ABC123,Nombredeejemplo,emaildeejemplo@gmail.com,2022/07/30 00:00,null,false,customer-02
passenger-25,ABC123,Nombredeejemplo,emaildeejemplo@gmail.com,2022/07/29 23:59,null,false,customer-02
passenger-26,ABC123,Nombredeejemplo,emaildeejemplo@gmail.com,2003/01/07 00:00,a,false,customer-03
passenger-27,ABC123,Nombredeejemplo,emaildeejemplo@gmail.com,2003/01/07 00:00,aa,false,customer-03
passenger-28,ABC123,Nombredeejemplo,emaildeejemplo@gmail.com,2003/01/07 00:00,Lorem ipsum dolor sit ameta consectetur adipiscin,false,customer-03
passenger-29,ABC123,Nombredeejemplo,emaildeejemplo@gmail.com,2003/01/07 00:00,Lorem ipsum dolor sit ametaa consectetur adipiscin,false,customer-03
passenger-30,ABC123,Nombredeejemplo,emaildeejemplo@gmail.com,2003/01/07 00:00,โลเร็ม อิปซัม,false,customer-03
passenger-31,ABC123,Nombredeejemplo,emaildeejemplo@gmail.com,2003/01/07 00:00,لوريم إيبسوم,false,customer-03
passenger-32,ABC123,Nombredeejemplo,emaildeejemplo@gmail.com,2003/01/07 00:00,洛伦·伊普森,false,customer-03
passenger-33,ABC123,Nombredeejemplo,emaildeejemplo@gmail.com,2003/01/07 00:00,<marquee>Hacked</marquee>,false,customer-03
passenger-34,ABC123,Nombredeejemplo,emaildeejemplo@gmail.com,2003/01/07 00:00,<script>alert(‘Hacked!’);</script>,false,customer-03
passenger-35,ABC123,Nombredeejemplo,emaildeejemplo@gmail.com,2003/01/07 00:00,' or 'A' = 'A ,false,customer-03
passenger-36,ABC123,Nombredeejemplo,emaildeejemplo@gmail.com,2003/01/07 00:00,null,true,customer-03
passenger-37,ABC423,SINPUBLICAR1,emaildeejemplo@gmail.com,2014/01/07 00:00,EJEMPLO,true,customer-01
passenger-38,ABC153,SINPUBLICAR2,emaildeejemplo@gmail.com,2011/01/07 00:00,EJMEMPLO,true,customer-01
passenger-39,ABC155,SINPUBLICAR3,emaildeejemplo@gmail.com,2011/01/07 00:00,EJMEMPLO,false,customer-01